bench,mode,threads,trials,duration_ms,execute,elements,ops,bmname,tx_per_s,tx_per_s_mean,tx_per_s_sd,tx_per_s_min,tx_per_s_max,cv_pct,ns_per_tx,commits,aborts,writer_commits,abort_pct,aborts_per_commit,writer_pct,p50_ns,p99_ns,p999_ns,max_ns,sample_stride,timer_ns,sampling_ns_per_tx,sampling_pct,imbalance_pct,user_ns,sys_ns,sys_pct,vol_cs,invol_cs,invol_cs_per_ktx,minflt,majflt,maxrss_kb,verified
counter,ala,1,3,200,0,256,1,Counter,103934623.1852,103981901.9606,106941.1060,103906748.9487,104104333.7478,0.1028,9.6214,20803708,0,20803708,0.0000,0.0000,100.0000,4,4,10,6390,64,15,0.4688,4.8719,0.0000,199852000,989000,0.4924,1,9,0.0004,2,0,8800,ok
counter,ala,2,3,200,0,256,1,Counter,62165139.0859,62139921.1002,152719.8115,61976161.9148,62278462.3000,0.2458,32.1724,12441812,6605888,12441812,34.6808,0.5309,100.0000,127,855,1335,5369,64,9,0.2813,0.8742,0.9677,399590000,0,0.0000,1,6,0.0005,0,0,8800,ok
counter,ala,4,3,200,0,256,1,Counter,16740462.7392,16747821.1646,107758.5158,16643930.4563,16859070.2984,0.6434,238.9420,3349715,1793504,3349715,34.8712,0.5354,100.0000,67,4855,8695,15823,64,9,0.2813,0.1177,47.5713,799306000,0,0.0000,1,1,0.0003,0,0,8800,ok
counter,ala,8,3,200,0,256,1,Counter,9766815.0564,9773754.5968,69574.0988,9707910.3187,9846538.4155,0.7118,819.1002,1954633,1340903,1954633,40.6885,0.6860,100.0000,58,13766,31686,72433,64,58,1.8125,0.2213,86.8969,1598556000,0,0.0000,1,0,0.0000,0,0,8800,ok
counter,ala,16,3,200,0,256,1,Counter,6035197.3517,6027605.7915,24723.0474,5999977.1511,6047642.8717,0.4102,2651.1146,1207989,1419767,1207989,54.0296,1.1753,100.0000,185,38897,69617,118092,64,15,0.4688,0.0177,84.6195,3197284000,0,0.0000,1,5,0.0041,0,0,8800,ok
counter,ala,24,3,200,0,256,1,Counter,4658462.7309,4650603.8218,14786.8926,4633546.9015,4659801.8329,0.3180,5151.9141,932742,1336143,932742,58.8899,1.4325,100.0000,263,221175,688119,1234862,64,9,0.2813,0.0055,94.6758,4775910000,0,0.0000,3,403,0.4321,0,0,12532,ok
rn-w1-hot,ala,1,3,200,0,256,16,ReadNWrite1,25377442.9219,25380986.2556,11954.0102,25371204.4836,25394311.3613,0.0471,39.4051,5076952,0,5076952,0.0000,0.0000,100.0000,37,41,67,1146,64,9,0.2813,0.7137,0.0000,199860000,0,0.0000,1,1,0.0002,0,0,12532,ok
rn-w1-hot,ala,2,3,200,0,256,16,ReadNWrite1,19757172.7831,19754965.6057,4671.5466,19749599.4329,19758124.6012,0.0236,101.2291,3952671,163922,3952671,3.9820,0.0415,100.0000,97,205,293,1482,64,11,0.3438,0.3396,0.0335,399556000,0,0.0000,1,2,0.0005,0,0,12532,ok
rn-w1-hot,ala,4,3,200,0,256,16,ReadNWrite1,8653567.4281,8653478.3606,3353.9098,8650080.8041,8656786.8495,0.0388,462.2371,1731879,235755,1731879,11.9816,0.1361,100.0000,423,1591,2679,4422,64,9,0.2813,0.0608,37.6324,799308000,0,0.0000,1,0,0.0000,0,0,12532,ok
rn-w1-hot,ala,8,3,200,0,256,16,ReadNWrite1,5434841.9745,5447221.0752,58550.0360,5395850.4387,5510970.8125,1.0749,1471.9839,1087635,344348,1087635,24.0469,0.3166,100.0000,1207,7927,13815,20880,64,9,0.2813,0.0191,62.1136,1606543000,0,0.0000,1,8,0.0074,0,0,12532,ok
rn-w1-hot,ala,16,3,200,0,256,16,ReadNWrite1,2893127.8683,2889550.0020,10344.5997,2877891.4236,2897630.7140,0.3580,5530.3466,578794,379633,578794,39.6100,0.6559,100.0000,4337,25585,38897,59846,64,15,0.4688,0.0085,50.2507,3196977000,0,0.0000,1,3,0.0052,0,0,12532,ok
rn-w1-hot,ala,24,3,200,0,256,16,ReadNWrite1,2172343.7525,2172293.9354,383.4244,2171888.0374,2172650.0162,0.0177,11047.9752,434972,407378,434972,48.3621,0.9366,100.0000,6388,102388,221172,279547,64,12,0.3750,0.0034,88.6736,4792116000,4752000,0.0991,2,156,0.3586,0,0,12624,ok
rn-w1-cold,ala,1,3,200,0,65536,16,ReadNWrite1,23699130.3077,23684194.5804,33182.9868,23646168.5157,23707284.9177,0.1401,42.1956,4742901,0,4742901,0.0000,0.0000,100.0000,45,49,75,1418,64,9,0.2813,0.6665,0.0000,199648000,0,0.0000,1,0,0.0000,0,0,12624,ok
rn-w1-cold,ala,2,3,200,0,65536,16,ReadNWrite1,18348311.5917,18336422.4022,28789.3503,18303592.6429,18357362.9718,0.1570,109.0019,3672196,610,3672196,0.0166,0.0002,100.0000,107,175,207,1309,64,9,0.2813,0.2580,0.0137,399582000,0,0.0000,1,3,0.0008,0,0,12624,ok
rn-w1-cold,ala,4,3,200,0,65536,16,ReadNWrite1,9116066.2540,9116274.5589,1299.6365,9115091.6559,9117665.7669,0.0143,438.7858,1824417,926,1824417,0.0507,0.0005,100.0000,423,919,1207,2427,64,9,0.2813,0.0641,30.5078,799224000,0,0.0000,1,3,0.0016,0,0,12624,ok
rn-w1-cold,ala,8,3,200,0,65536,16,ReadNWrite1,5643950.3521,5679864.6156,92297.1453,5610923.0288,5784720.4660,1.6250,1417.4469,1129528,1525,1129528,0.1348,0.0014,100.0000,1335,5367,8695,10831,64,9,0.2813,0.0198,54.4803,1598557000,0,0.0000,1,0,0.0000,0,0,12624,ok
rn-w1-cold,ala,16,3,200,0,65536,16,ReadNWrite1,3008463.6356,3008043.6044,4995.5930,3002851.2571,3012815.9206,0.1661,5318.3292,601987,1947,601987,0.3224,0.0032,100.0000,4849,19441,29681,46941,64,15,0.4688,0.0088,47.4899,3196727000,0,0.0000,1,12,0.0199,0,0,12624,ok
rn-w1-cold,ala,24,3,200,0,65536,16,ReadNWrite1,2140081.4125,2140206.3680,2350.8774,2137920.4604,2142617.2312,0.1098,11214.5266,428472,2147,428472,0.4986,0.0050,100.0000,6902,126966,311286,635840,64,10,0.3125,0.0028,94.6784,4790949000,949000,0.0198,2,176,0.4108,0,0,13044,ok
rw-n-linear,ala,1,3,200,0,65536,8,ReadWriteN,24126360.2094,24142279.7299,53279.7220,24098774.4008,24201704.5794,0.2207,41.4484,4828487,0,4828487,0.0000,0.0000,100.0000,41,49,99,1712,64,9,0.2813,0.6786,0.0000,199747000,0,0.0000,1,3,0.0006,0,0,13044,ok
rw-n-linear,ala,2,3,200,0,65536,8,ReadWriteN,19492646.7359,19497120.9094,9265.9279,19490941.1234,19507774.8691,0.0475,102.6028,3901186,2503,3901186,0.0641,0.0006,100.0000,91,159,207,326,64,9,0.2813,0.2741,0.0996,399514000,0,0.0000,1,2,0.0005,0,0,13044,ok
rw-n-linear,ala,4,3,200,0,65536,8,ReadWriteN,10982555.8551,10979658.9174,11169.5866,10967326.2637,10989094.6333,0.1017,364.2139,2197980,4952,2197980,0.2248,0.0023,100.0000,391,855,1719,3018,64,9,0.2813,0.0772,23.9409,799177000,0,0.0000,1,2,0.0009,0,0,13044,ok
rw-n-linear,ala,8,3,200,0,65536,8,ReadWriteN,6085897.0212,6110821.7651,45512.1797,6083216.3650,6163351.9092,0.7448,1314.5145,1217998,7652,1217998,0.6243,0.0063,100.0000,1207,7415,13815,28331,64,9,0.2813,0.0214,66.2573,1598485000,0,0.0000,1,2,0.0016,0,0,13044,ok
rw-n-linear,ala,16,3,200,0,65536,8,ReadWriteN,3011092.5170,3007378.2974,10477.9076,2995549.2281,3015493.1471,0.3484,5313.6859,602438,8231,602438,1.3479,0.0137,100.0000,5810,31666,55218,66798,64,78,2.4375,0.0459,57.6996,3196538000,0,0.0000,1,8,0.0133,0,0,13044,ok
rw-n-linear,ala,24,3,200,0,65536,8,ReadWriteN,2139676.2161,2140059.1511,912.2619,2139400.7701,2141100.4670,0.0426,11216.6504,428464,9249,428464,2.1130,0.0216,100.0000,8692,139252,557044,996064,64,12,0.3750,0.0033,96.3105,4795256000,4000,0.0001,3,176,0.4108,0,0,13044,ok
rw-n-indexed,ala,1,3,200,0,65536,9,ReadWriteN,17084935.5528,17086642.5227,146247.0272,16941256.4519,17233735.5633,0.8559,58.5311,3419607,0,3419607,0.0000,0.0000,100.0000,57,73,97,1119,64,11,0.3438,0.5873,0.0000,199883000,0,0.0000,1,1,0.0003,0,0,13052,ok
rw-n-indexed,ala,2,3,200,0,65536,9,ReadWriteN,15922695.6203,15922578.5798,9509.8207,15913010.7791,15932029.3401,0.0597,125.6069,3186748,3267,3186748,0.1024,0.0010,100.0000,127,207,223,1508,64,9,0.2813,0.2239,0.4047,399630000,0,0.0000,1,1,0.0003,0,0,13052,ok
rw-n-indexed,ala,4,3,200,0,65536,9,ReadWriteN,10101781.0418,10101176.5161,9468.5310,10091420.2070,10110328.2995,0.0937,395.9698,2021729,5819,2021729,0.2870,0.0029,100.0000,391,855,1207,3773,64,9,0.2813,0.0710,26.0176,799197000,0,0.0000,1,0,0.0000,0,0,13052,ok
rw-n-indexed,ala,8,3,200,0,65536,9,ReadWriteN,6038447.2501,6038883.7649,6631.9858,6032480.8195,6045723.2252,0.1098,1324.8439,1208514,9627,1208514,0.7903,0.0080,100.0000,1207,5879,9719,17886,64,9,0.2813,0.0212,61.1013,1598538000,0,0.0000,1,7,0.0058,0,0,13052,ok
rw-n-indexed,ala,16,3,200,0,65536,9,ReadWriteN,2929917.8266,2928115.9545,3272.1773,2924338.8948,2930091.1421,0.1118,5460.9040,586159,10488,586159,1.7578,0.0179,100.0000,4849,25585,34801,60647,64,15,0.4688,0.0086,54.2710,3196832000,1000,0.0000,1,16,0.0273,0,0,13052,ok
rw-n-indexed,ala,24,3,200,0,65536,9,ReadWriteN,2055777.3460,2055931.6476,2032.5955,2053980.6003,2058036.9966,0.0989,11674.4160,411962,11273,411962,2.6635,0.0274,100.0000,7926,155638,442358,554242,64,10,0.3125,0.0027,94.9041,4795590000,3806000,0.0793,2,187,0.4539,0,0,13052,ok
rw-n-large,ala,1,3,200,0,65536,256,ReadWriteN,677517.4047,677785.7373,1817.4578,676117.3634,679722.4438,0.2681,1475.9768,135596,0,135596,0.0000,0.0000,100.0000,1463,1591,2679,3411,64,9,0.2813,0.0191,0.0000,199815000,0,0.0000,1,1,0.0074,0,0,13176,ok
rw-n-large,ala,2,3,200,0,65536,256,ReadWriteN,474080.3941,473189.5924,1600.7119,471341.6465,474146.7367,0.3383,4218.6938,94883,49712,94883,34.3802,0.5239,100.0000,2935,23543,34807,33920,64,9,0.2813,0.0067,2.1746,399638000,0,0.0000,1,2,0.0211,0,0,13176,ok
rw-n-large,ala,4,3,200,0,65536,256,ReadWriteN,344971.5519,344959.0804,293.2869,344659.7567,345245.9326,0.0850,11595.1590,69043,87665,69043,55.9416,1.2697,100.0000,5879,55287,69623,74428,64,9,0.2813,0.0024,12.0525,799157000,0,0.0000,1,3,0.0435,0,0,13176,ok
rw-n-large,ala,8,3,200,0,65536,256,ReadWriteN,376042.3343,376281.9246,3010.9012,373397.9766,379405.4630,0.8002,21274.2005,75268,196458,75268,72.3000,2.6101,100.0000,8695,118775,188407,211734,64,9,0.2813,0.0013,32.5641,1598680000,0,0.0000,1,0,0.0000,0,0,13176,ok
rw-n-large,ala,16,3,200,0,65536,256,ReadWriteN,407471.8672,407199.1184,1128.4989,405959.2424,408166.2456,0.2771,39266.5145,81548,416579,81548,83.6291,5.1084,100.0000,21489,204785,344049,360180,64,15,0.4688,0.0012,44.4049,3197048000,0,0.0000,1,10,0.1226,0,0,13176,ok
rw-n-large,ala,24,3,200,0,65536,256,ReadWriteN,376630.0843,363357.7533,23029.8537,336765.1832,376677.9925,6.3381,63723.0030,75396,572912,75396,88.3703,7.5987,100.0000,42997,311285,622581,629362,64,11,0.3438,0.0005,48.7038,4782443000,7585000,0.1583,8,218,2.8914,0,0,13604,ok
disjoint-ro,ala,1,3,200,0,256,1,PrDw-64-10-0,13573796.0735,13502707.9265,140493.6786,13340877.1544,13593450.5516,1.0405,73.6714,2716567,0,0,0.0000,0.0000,0.0000,75,83,127,1447,64,9,0.2813,0.3818,0.0000,200610000,0,0.0000,1,3,0.0011,0,0,19068,ok
disjoint-ro,ala,2,3,200,0,256,1,PrDw-64-10-0,13404342.3206,13400764.3183,8116.5397,13391473.5413,13406477.0931,0.0606,149.2054,2682661,0,0,0.0000,0.0000,0.0000,142,158,174,1591,64,10,0.3125,0.2094,0.0241,399671000,0,0.0000,1,0,0.0000,0,0,19068,ok
disjoint-ro,ala,4,3,200,0,256,1,PrDw-64-10-0,26808362.9584,26800333.7178,14227.0349,26783907.1277,26808731.0673,0.0531,149.2072,5365337,0,0,0.0000,0.0000,0.0000,143,159,175,1939,64,9,0.2813,0.1885,0.1292,799213000,1000,0.0001,1,2,0.0004,0,0,19068,ok
disjoint-ro,ala,8,3,200,0,256,1,PrDw-64-10-0,53555276.6386,53559979.7636,12115.8975,53550920.5666,53573742.0857,0.0226,149.3784,10713859,0,0,0.0000,0.0000,0.0000,143,159,191,11558,64,9,0.2813,0.1883,0.1832,1598398000,0,0.0000,1,8,0.0007,0,0,22724,ok
disjoint-ro,ala,16,3,200,0,256,1,PrDw-64-10-0,107000358.4016,106984474.8207,35099.6963,106944241.0409,107008825.0196,0.0328,149.5322,21405946,0,0,0.0000,0.0000,0.0000,137,169,185,2178,64,15,0.4688,0.3135,0.1595,3196466000,0,0.0000,1,2,0.0001,0,0,26632,ok
disjoint-ro,ala,24,3,200,0,256,1,PrDw-64-10-0,154808053.1695,154036321.5682,1511161.3416,152295121.3616,155005790.1736,0.9810,155.0307,31044826,0,0,0.0000,0.0000,0.0000,158,174,190,16360,64,10,0.3125,0.2016,9.2754,4796857000,8000,0.0002,1,196,0.0063,0,0,30640,ok
disjoint-rw,ala,1,3,200,0,256,1,PrDw-64-5-5,3985983.2578,3960830.9632,78364.5090,3872978.5392,4023531.0926,1.9785,250.8791,797763,0,797763,0.0000,0.0000,100.0000,239,263,455,1931,64,9,0.2813,0.1121,0.0000,199869000,0,0.0000,1,1,0.0013,0,0,30640,ok
disjoint-rw,ala,2,3,200,0,256,1,PrDw-64-5-5,3891059.9162,3889145.0532,4760.1809,3883725.6382,3892649.6052,0.1224,513.9988,778712,0,778712,0.0000,0.0000,100.0000,534,534,598,2045,64,10,0.3125,0.0608,0.0169,399579000,0,0.0000,1,2,0.0026,0,0,30640,ok
disjoint-rw,ala,4,3,200,0,256,1,PrDw-64-5-5,4692627.1904,4690542.9812,5820.4790,4683967.3398,4695034.4134,0.1241,852.4010,939167,0,939167,0.0000,0.0000,100.0000,804,1028,2116,3078,64,60,1.8750,0.2200,3.4544,799198000,0,0.0000,1,1,0.0011,0,0,30640,ok
disjoint-rw,ala,8,3,200,0,256,1,PrDw-64-5-5,4504416.5787,4521491.8848,31907.6642,4501755.4424,4558303.6334,0.7057,1776.0347,901136,0,901136,0.0000,0.0000,100.0000,1719,2679,3959,5328,64,9,0.2813,0.0158,9.8412,1598680000,0,0.0000,1,0,0.0000,0,0,30640,ok
disjoint-rw,ala,16,3,200,0,256,1,PrDw-64-5-5,3143090.8355,3147912.9326,13284.5674,3137712.8645,3162935.0980,0.4220,5090.5306,628834,0,628834,0.0000,0.0000,100.0000,4849,8689,10737,72259,64,15,0.4688,0.0092,13.1428,3212386000,0,0.0000,1,12,0.0191,0,0,30640,ok
disjoint-rw,ala,24,3,200,0,256,1,PrDw-64-5-5,2066836.1684,2068804.5092,4033.1201,2066133.5073,2073443.8517,0.1949,11611.9508,414475,0,414475,0.0000,0.0000,100.0000,9718,34806,55286,79373,64,10,0.3125,0.0027,64.5071,4793607000,952000,0.0199,1,181,0.4367,0,0,30640,ok
disjoint-shared,ala,1,3,200,0,256,1,SrDw-64-8-2,5448115.5279,5450634.0007,16130.8742,5435910.4940,5467875.9801,0.2959,183.5497,1090375,0,720568,0.0000,0.0000,66.0844,189,213,341,1732,64,59,1.8438,1.0045,0.0000,199857000,0,0.0000,1,2,0.0018,0,0,30640,ok
disjoint-shared,ala,2,3,200,0,256,1,SrDw-64-8-2,5848456.9711,5848637.9168,5229.7824,5843500.9555,5853955.8239,0.0894,341.9705,1170546,0,772748,0.0000,0.0000,66.0160,423,487,535,1910,64,9,0.2813,0.0822,0.0523,399546000,0,0.0000,1,3,0.0026,0,0,30640,ok
disjoint-shared,ala,4,3,200,0,256,1,SrDw-64-8-2,7176860.2700,7177931.9642,2531.2370,7176112.8666,7180822.7560,0.0353,557.3468,1436321,0,947962,0.0000,0.0000,65.9993,662,918,2678,3350,64,10,0.3125,0.0561,2.0232,799218000,0,0.0000,1,4,0.0028,0,0,30640,ok
disjoint-shared,ala,8,3,200,0,256,1,SrDw-64-8-2,7574841.2309,7588578.4555,61817.0687,7534785.5769,7656108.5587,0.8146,1056.1277,1515375,0,1000193,0.0000,0.0000,66.0030,1207,2167,2679,3564,64,9,0.2813,0.0266,6.0671,1598457000,0,0.0000,1,2,0.0013,0,0,30640,ok
disjoint-shared,ala,16,3,200,0,256,1,SrDw-64-8-2,5357995.7512,5348209.4139,38322.8537,5305942.2995,5380690.1909,0.7166,2986.1912,1071979,0,707386,0.0000,0.0000,65.9888,3185,6897,8689,11025,64,15,0.4688,0.0157,11.1046,3199532000,990000,0.0309,1,4,0.0037,0,0,30640,ok
disjoint-shared,ala,24,3,200,0,256,1,SrDw-64-8-2,3345239.8612,3342966.2620,9393.4688,3332644.6752,3351014.2496,0.2810,7174.3734,670882,0,442790,0.0000,0.0000,66.0012,6390,25590,42998,1418406,64,10,0.3125,0.0044,59.9861,4772690000,27282000,0.5684,1,190,0.2832,0,0,30640,ok
